{
  "dev_site": "MIMIC",
  "covariates": [
    "age",
    "female",
    "sofa_total",
    "lactate",
    "cci_score"
  ],
  "intercept": -3.682996258772492,
  "coef": {
    "age": 0.027865977694181258,
    "female": 0.05488375109462681,
    "sofa_total": 0.1256159492464428,
    "lactate": 0.14704859498449938,
    "cci_score": 0.02210874159762212
  },
  "impute_medians": {
    "age": 64.0,
    "female": 0.0,
    "sofa_total": 10.0,
    "lactate": 2.4,
    "cci_score": 4.0
  },
  "dev_n": 2748,
  "dev_auc": 0.717,
  "dev_auc_optimism_corrected": 0.715,
  "vif": {
    "age": 1.03,
    "female": 1.0,
    "sofa_total": 1.09,
    "lactate": 1.07,
    "cci_score": 1.01
  }
}