{
  "dev_site": "MIMIC",
  "covariates": [
    "age",
    "female",
    "sofa_total",
    "lactate",
    "cci_score"
  ],
  "intercept": -2.8547307752187048,
  "coef": {
    "age": 0.02026644453818696,
    "female": 0.060001785026340355,
    "sofa_total": 0.11162647351961631,
    "lactate": 0.08861914732991892,
    "cci_score": 0.034581555229710445
  },
  "impute_medians": {
    "age": 63.0,
    "female": 0.0,
    "sofa_total": 10.0,
    "lactate": 2.1,
    "cci_score": 4.0
  },
  "dev_n": 1705,
  "dev_auc": 0.653,
  "dev_auc_optimism_corrected": 0.651,
  "vif": {
    "age": 1.04,
    "female": 1.0,
    "sofa_total": 1.07,
    "lactate": 1.04,
    "cci_score": 1.01
  }
}